{
  "version": "1.0",
  "defaultProvider": "cdnjs",
  "libraries": [
    {
      "library": "jquery@1.12.4",
      "destination": "wwwroot/lib/jquery/"
    },
    {
      "library": "jquery.perfect-scrollbar@0.8.1",
      "destination": "wwwroot/lib/jquery.perfect-scrollbar/"
    },
    {
      "library": "jquery-easing@1.3",
      "destination": "wwwroot/lib/jquery-easing/"
    },
    {
      "library": "pace@0.7.8",
      "destination": "wwwroot/lib/pace/"
    },
    {
      "library": "font-awesome@4.7.0",
      "destination": "wwwroot/lib/font-awesome/"
    },
    {
      "library": "require.js@2.3.6",
      "destination": "wwwroot/lib/require.js/"
    },
    {
      "library": "moment.js@2.9.0",
      "destination": "wwwroot/lib/moment.js/"
    },
    {
      "library": "bootstrap-datetimepicker@4.17.45",
      "destination": "wwwroot/lib/bootstrap-datetimepicker/"
    },
    {
      "library": "messenger@1.4.1",
      "destination": "wwwroot/lib/messenger/"
    },
    {
      "library": "select2@4.0.5",
      "destination": "wwwroot/lib/select2/"
    },
    {
      "library": "vue@2.5.17",
      "destination": "wwwroot/lib/vue/"
    },
    {
      "library": "flag-icon-css@3.2.1",
      "destination": "wwwroot/lib/flag-icon-css/"
    },
    {
      "library": "twitter-bootstrap@3.0.3",
      "destination": "wwwroot/lib/twitter-bootstrap/"
    },
    {
      "library": "iCheck@1.0.2",
      "destination": "wwwroot/lib/iCheck/"
    },
    {
      "library": "jQuery-viewport-checker@1.8.2",
      "destination": "wwwroot/lib/jQuery-viewport-checker/"
    },
    {
      "library": "tinymce@4.9.2",
      "destination": "wwwroot/lib/tinymce/"
    },
    {
      "provider": "unpkg",
      "library": "@tinymce/tinymce-vue@1.1.0",
      "destination": "wwwroot/lib/tinymce-vue/"
    },
    {
      "library": "datatables@1.10.15",
      "destination": "wwwroot/lib/datatables/"
    },
    {
      "provider": "unpkg",
      "library": "vuelidate@0.7.4",
      "destination": "wwwroot/lib/vuelidate/"
    },
    {
      "provider": "unpkg",
      "library": "vue-upload-component@2.8.19",
      "destination": "wwwroot/lib/vue-upload-component/"
    },
    {
      "provider": "unpkg",
      "library": "vue-tabs-component@1.5.0",
      "destination": "wwwroot/lib/vue-tabs-component/"
    },
    {
      "provider": "unpkg",
      "library": "vue-spinner@1.0.3",
      "destination": "wwwroot/lib/vue-spinner/"
    }
  ]
}
